"AssignedOfficer","AvgGift"
Carlos Rivera,15206.91918654669
Emily Zhang,12177.614151000977
Jane Smith,14282.885060628256
John Doe,11233.280726278981
