"Segment","DonorCount","TotalAmount"
General,19,44491.63983154297
Major Donor,64,1138967.3564453125
Mid-Level,17,119169.990234375
