"Year","AnnualDonations"
2024,763000.7514038086
2025,539628.2351074219
